{
  "id": "1284301",
  "name": "New LockinChina Web",
  "font_family": "lockinu",
  "css_prefix_text": "icon",
  "description": "",
  "glyphs": [
    {
      "icon_id": "32305",
      "name": "right",
      "font_class": "right",
      "unicode": "e6a3",
      "unicode_decimal": 59043
    },
    {
      "icon_id": "982641",
      "name": "下",
      "font_class": "xia-copy",
      "unicode": "e65d",
      "unicode_decimal": 58973
    },
    {
      "icon_id": "1053358",
      "name": "公司 (1)",
      "font_class": "gongsi1",
      "unicode": "e6e1",
      "unicode_decimal": 59105
    },
    {
      "icon_id": "1766271",
      "name": "指向-top",
      "font_class": "top",
      "unicode": "e676",
      "unicode_decimal": 58998
    },
    {
      "icon_id": "3878686",
      "name": "教育",
      "font_class": "study",
      "unicode": "e61c",
      "unicode_decimal": 58908
    },
    {
      "icon_id": "4253732",
      "name": "分享",
      "font_class": "fenxiang",
      "unicode": "e603",
      "unicode_decimal": 58883
    },
    {
      "icon_id": "4443834",
      "name": "无数据",
      "font_class": "wushuju",
      "unicode": "e60b",
      "unicode_decimal": 58891
    },
    {
      "icon_id": "5133184",
      "name": "收 藏",
      "font_class": "favorite",
      "unicode": "e600",
      "unicode_decimal": 58880
    },
    {
      "icon_id": "5350754",
      "name": "视频",
      "font_class": "shipin",
      "unicode": "e602",
      "unicode_decimal": 58882
    },
    {
      "icon_id": "5524677",
      "name": "wechat",
      "font_class": "wechat",
      "unicode": "e601",
      "unicode_decimal": 58881
    },
    {
      "icon_id": "6731075",
      "name": "扫描",
      "font_class": "saomiao",
      "unicode": "e634",
      "unicode_decimal": 58932
    },
    {
      "icon_id": "6822778",
      "name": "发送",
      "font_class": "fasong",
      "unicode": "e633",
      "unicode_decimal": 58931
    },
    {
      "icon_id": "7903678",
      "name": "验证码",
      "font_class": "yanzhengma",
      "unicode": "e72a",
      "unicode_decimal": 59178
    },
    {
      "icon_id": "9025083",
      "name": "实习",
      "font_class": "shixi",
      "unicode": "e616",
      "unicode_decimal": 58902
    },
    {
      "icon_id": "9793232",
      "name": "我的简历",
      "font_class": "wodejianli",
      "unicode": "e66b",
      "unicode_decimal": 58987
    },
    {
      "icon_id": "9793362",
      "name": "关注公司",
      "font_class": "guanzhugongsi",
      "unicode": "e66c",
      "unicode_decimal": 58988
    },
    {
      "icon_id": "9793481",
      "name": "职位收藏",
      "font_class": "zhiweishoucang",
      "unicode": "e66d",
      "unicode_decimal": 58989
    },
    {
      "icon_id": "9793494",
      "name": "投递反馈",
      "font_class": "toudifankui",
      "unicode": "e66e",
      "unicode_decimal": 58990
    },
    {
      "icon_id": "9794544",
      "name": "关注",
      "font_class": "guanzhu",
      "unicode": "e670",
      "unicode_decimal": 58992
    },
    {
      "icon_id": "9794547",
      "name": "xinxi",
      "font_class": "xinxi",
      "unicode": "e671",
      "unicode_decimal": 58993
    },
    {
      "icon_id": "9799768",
      "name": "未关注",
      "font_class": "weiguanzhu",
      "unicode": "e673",
      "unicode_decimal": 58995
    },
    {
      "icon_id": "10152943",
      "name": "gongsi",
      "font_class": "gongsi",
      "unicode": "e674",
      "unicode_decimal": 58996
    },
    {
      "icon_id": "11044027",
      "name": "编辑",
      "font_class": "bianji",
      "unicode": "e679",
      "unicode_decimal": 59001
    },
    {
      "icon_id": "11044028",
      "name": "可见",
      "font_class": "kejian",
      "unicode": "e67a",
      "unicode_decimal": 59002
    },
    {
      "icon_id": "11044030",
      "name": "密码",
      "font_class": "mima",
      "unicode": "e67b",
      "unicode_decimal": 59003
    },
    {
      "icon_id": "11044031",
      "name": "添加",
      "font_class": "tianjia",
      "unicode": "e67c",
      "unicode_decimal": 59004
    },
    {
      "icon_id": "11044033",
      "name": "地点",
      "font_class": "didian",
      "unicode": "e67d",
      "unicode_decimal": 59005
    },
    {
      "icon_id": "11044034",
      "name": "搜索",
      "font_class": "sousuo",
      "unicode": "e67e",
      "unicode_decimal": 59006
    },
    {
      "icon_id": "11044035",
      "name": "收藏",
      "font_class": "shoucang",
      "unicode": "e67f",
      "unicode_decimal": 59007
    },
    {
      "icon_id": "11044036",
      "name": "右",
      "font_class": "you",
      "unicode": "e680",
      "unicode_decimal": 59008
    },
    {
      "icon_id": "11044037",
      "name": "相机",
      "font_class": "xiangji",
      "unicode": "e681",
      "unicode_decimal": 59009
    },
    {
      "icon_id": "11044038",
      "name": "左",
      "font_class": "zuo",
      "unicode": "e682",
      "unicode_decimal": 59010
    },
    {
      "icon_id": "11044039",
      "name": "验证码",
      "font_class": "yanzhengma1",
      "unicode": "e683",
      "unicode_decimal": 59011
    },
    {
      "icon_id": "11044040",
      "name": "已收藏",
      "font_class": "yishoucang",
      "unicode": "e684",
      "unicode_decimal": 59012
    },
    {
      "icon_id": "11044041",
      "name": "转发",
      "font_class": "zhuanfa",
      "unicode": "e685",
      "unicode_decimal": 59013
    },
    {
      "icon_id": "11044043",
      "name": "公司",
      "font_class": "gongsi2",
      "unicode": "e686",
      "unicode_decimal": 59014
    },
    {
      "icon_id": "11044044",
      "name": "学历",
      "font_class": "xueli",
      "unicode": "e687",
      "unicode_decimal": 59015
    },
    {
      "icon_id": "11044045",
      "name": "邮箱",
      "font_class": "youxiang",
      "unicode": "e688",
      "unicode_decimal": 59016
    },
    {
      "icon_id": "11044046",
      "name": "工作经验",
      "font_class": "gongzuojingyan",
      "unicode": "e689",
      "unicode_decimal": 59017
    },
    {
      "icon_id": "11044356",
      "name": "删除",
      "font_class": "shanchu",
      "unicode": "e68a",
      "unicode_decimal": 59018
    },
    {
      "icon_id": "11044578",
      "name": "不可见",
      "font_class": "bukejian",
      "unicode": "e68b",
      "unicode_decimal": 59019
    },
    {
      "icon_id": "11058641",
      "name": "下拉",
      "font_class": "xiala1",
      "unicode": "e68f",
      "unicode_decimal": 59023
    },
    {
      "icon_id": "11058642",
      "name": "收回",
      "font_class": "shouhui",
      "unicode": "e690",
      "unicode_decimal": 59024
    },
    {
      "icon_id": "11110158",
      "name": "失败",
      "font_class": "shibai",
      "unicode": "e691",
      "unicode_decimal": 59025
    },
    {
      "icon_id": "11110191",
      "name": "成功",
      "font_class": "chenggong",
      "unicode": "e692",
      "unicode_decimal": 59026
    },
    {
      "icon_id": "11442257",
      "name": "jianli-2",
      "font_class": "resumeF",
      "unicode": "e693",
      "unicode_decimal": 59027
    }
  ]
}
